player,team_country,minutes,goals,assists,gk_games,gk_minutes,gk_clean_sheets
Achref Abada,Algeria,,,,,,
Adil Boulbina,Algeria,19.0,0.0,0.0,,,
Amine Gouiri,Algeria,251.0,1.0,0.0,,,
Anis Hadj Moussa,Algeria,98.0,0.0,0.0,,,
Aïssa Mandi,Algeria,360.0,0.0,0.0,,,
Fares Chaïbi,Algeria,360.0,0.0,0.0,,,
Farés Ghedjemis,Algeria,1.0,0.0,0.0,,,
Hicham Boudaoui,Algeria,128.0,0.0,0.0,,,
Houssem Aouar,Algeria,173.0,0.0,2.0,,,
Ibrahim Maza,Algeria,351.0,0.0,0.0,,,
Jaouen Hadjam,Algeria,109.0,0.0,0.0,,,
Luca Zidane,Algeria,270.0,0.0,0.0,3.0,270.0,0.0
Melvin Mastil,Algeria,,,,,,
Mohamed Amine Tougai,Algeria,,,,,,
Mohamed Amoura,Algeria,27.0,0.0,0.0,,,
Nabil Bentaleb,Algeria,285.0,0.0,0.0,,,
Nadhir Benbouali,Algeria,45.0,1.0,0.0,,,
Oussama Benbot,Algeria,90.0,0.0,0.0,1.0,90.0,0.0
Rafik Belghali,Algeria,331.0,1.0,0.0,,,
Ramiz Zerrouki,Algeria,111.0,0.0,0.0,,,
Ramy Bensebaini,Algeria,360.0,0.0,0.0,,,
Rayan Aït-Nouri,Algeria,284.0,0.0,0.0,,,
Riyad Mahrez,Algeria,262.0,2.0,1.0,,,
Samir Chergui,Algeria,20.0,0.0,0.0,,,
Yassine Titraoui,Algeria,,,,,,
Zineddine Belaïd,Algeria,25.0,0.0,0.0,,,
Alexis Mac Allister,Argentina,540.0,1.0,1.0,,,
Cristian Romero,Argentina,449.0,1.0,0.0,,,
Emiliano Martínez,Argentina,600.0,0.0,0.0,6.0,600.0,2.0
Enzo Fernández,Argentina,480.0,1.0,0.0,,,
Exequiel Palacios,Argentina,90.0,0.0,0.0,,,
Facundo Medina,Argentina,257.0,0.0,1.0,,,
Flaco López,Argentina,20.0,0.0,1.0,,,
Gerónimo Rulli,Argentina,,,,,,
Giovani Lo Celso,Argentina,59.0,1.0,0.0,,,
Giuliano Simeone,Argentina,70.0,0.0,0.0,,,
Gonzalo Montiel,Argentina,116.0,0.0,1.0,,,
Juan Musso,Argentina,,,,,,
Julián Álvarez,Argentina,411.0,1.0,0.0,,,
Lautaro Martínez,Argentina,300.0,2.0,1.0,,,
Leandro Paredes,Argentina,335.0,0.0,0.0,,,
Lionel Messi,Argentina,530.0,8.0,2.0,,,
Lisandro Martínez,Argentina,510.0,1.0,1.0,,,
Marcos Senesi,Argentina,90.0,0.0,0.0,,,
Nahuel Molina,Argentina,394.0,0.0,0.0,,,
Nicolás González,Argentina,187.0,0.0,1.0,,,
Nicolás Otamendi,Argentina,151.0,0.0,0.0,,,
Nicolás Paz,Argentina,71.0,0.0,0.0,,,
Nicolás Tagliafico,Argentina,276.0,0.0,0.0,,,
Rodrigo De Paul,Argentina,403.0,0.0,1.0,,,
Thiago Almada,Argentina,241.0,0.0,0.0,,,
Valentín Barco,Argentina,20.0,0.0,0.0,,,
Aiden O'Neill,Australia,360.0,0.0,0.0,,,
Ajdin Hrustic,Australia,80.0,0.0,0.0,,,
Alessandro Circati,Australia,390.0,0.0,0.0,,,
Awer Mabil,Australia,30.0,0.0,0.0,,,
Aziz Behich,Australia,217.0,0.0,0.0,,,
Cameron Burgess,Australia,135.0,0.0,0.0,,,
Cammy Devlin,Australia,,,,,,
Connor Metcalfe,Australia,315.0,1.0,0.0,,,
Cristian Volpato,Australia,160.0,0.0,0.0,,,
Harry Souttar,Australia,390.0,0.0,0.0,,,
Jackson Irvine,Australia,223.0,0.0,0.0,,,
Jacob Italiano,Australia,163.0,0.0,0.0,,,
Jason Geria,Australia,62.0,0.0,0.0,,,
Jordy Bos,Australia,308.0,0.0,0.0,,,
Kai Trewin,Australia,75.0,0.0,0.0,,,
Lucas Herrington,Australia,210.0,0.0,0.0,,,
Mathew Leckie,Australia,60.0,0.0,0.0,,,
Mathew Ryan,Australia,2.0,0.0,0.0,1.0,2.0,0.0
Miloš Degenek,Australia,,,,,,
Mo Touré,Australia,165.0,0.0,0.0,,,
Nestory Irankunda,Australia,261.0,1.0,0.0,,,
Nishan Velupillay,Australia,75.0,0.0,0.0,,,
Patrick Beach,Australia,388.0,0.0,0.0,4.0,388.0,2.0
Paul Izzo,Australia,,,,,,
Paul Okon-Engstler,Australia,197.0,0.0,1.0,,,
Tete Yengi,Australia,24.0,0.0,0.0,,,
Alessandro Schöpf,Austria,,,,,,
Alexander Prass,Austria,29.0,0.0,0.0,,,
Alexander Schlager,Austria,360.0,0.0,0.0,4.0,360.0,0.0
Carney Chukwuemeka,Austria,83.0,0.0,0.0,,,
David Affengruber,Austria,,,,,,
David Alaba,Austria,275.0,0.0,1.0,,,
Dejan Ljubičić,Austria,,,,,,
Florian Grillitsch,Austria,90.0,0.0,0.0,,,
Florian Wiegele,Austria,,,,,,
Kevin Danso,Austria,241.0,0.0,0.0,,,
Konrad Laimer,Austria,360.0,0.0,1.0,,,
Marcel Sabitzer,Austria,360.0,1.0,0.0,,,
Marco Friedl,Austria,24.0,0.0,0.0,,,
Marko Arnautović,Austria,144.0,2.0,0.0,,,
Michael Gregoritsch,Austria,188.0,0.0,1.0,,,
Michael Svoboda,Austria,,,,,,
Nicolas Seiwald,Austria,315.0,0.0,0.0,,,
Patrick Pentz,Austria,,,,,,
Patrick Wimmer,Austria,21.0,0.0,0.0,,,
Paul Wanner,Austria,234.0,0.0,0.0,,,
Philipp Lienhart,Austria,180.0,0.0,0.0,,,
Phillipp Mwene,Austria,147.0,0.0,0.0,,,
Romano Schmid,Austria,263.0,1.0,0.0,,,
Saša Kalajdžić,Austria,77.0,1.0,0.0,,,
Stefan Posch,Austria,331.0,0.0,0.0,,,
Xaver Schlager,Austria,238.0,0.0,1.0,,,
Alexis Saelemaekers,Belgium,83.0,1.0,0.0,,,
Amadou Onana,Belgium,106.0,0.0,0.0,,,
Arthur Theate,Belgium,228.0,0.0,0.0,,,
Axel Witsel,Belgium,33.0,0.0,0.0,,,
Brandon Mechele,Belgium,570.0,0.0,0.0,,,
Charles De Ketelaere,Belgium,350.0,3.0,1.0,,,
Diego Moreira,Belgium,58.0,0.0,0.0,,,
Dodi Lukebakio,Belgium,164.0,0.0,0.0,,,
Hans Vanaken,Belgium,319.0,1.0,2.0,,,
Jeremy Doku,Belgium,309.0,0.0,0.0,,,
Joaquin Seys,Belgium,30.0,0.0,0.0,,,
Kevin De Bruyne,Belgium,382.0,1.0,0.0,,,
Koni De Winter,Belgium,,,,,,
Leandro Trossard,Belgium,506.0,2.0,2.0,,,
Matias Fernandez-Pardo,Belgium,44.0,0.0,0.0,,,
Maxim De Cuyper,Belgium,442.0,0.0,0.0,,,
Mike Penders,Belgium,,,,,,
Nathan Ngoy,Belgium,335.0,0.0,0.0,,,
Nicolas Raskin,Belgium,341.0,0.0,2.0,,,
Romelu Lukaku,Belgium,233.0,3.0,1.0,,,
Senne Lammens,Belgium,20.0,0.0,0.0,1.0,20.0,0.0
Thibaut Courtois,Belgium,550.0,0.0,0.0,6.0,550.0,1.0
Thomas Meunier,Belgium,190.0,0.0,1.0,,,
Timothy Castagne,Belgium,478.0,0.0,1.0,,,
Youri Tielemans,Belgium,474.0,2.0,0.0,,,
Zeno Debast,Belgium,,,,,,
Amar Dedić,Bosnia and Herzegovina,270.0,0.0,0.0,,,
Amar Memić,Bosnia and Herzegovina,224.0,0.0,0.0,,,
Amir Hadžiahmetović,Bosnia and Herzegovina,6.0,0.0,0.0,,,
Arjan Malic,Bosnia and Herzegovina,45.0,0.0,0.0,,,
Armin Gigovic,Bosnia and Herzegovina,79.0,0.0,0.0,,,
Benjamin Tahirovic,Bosnia and Herzegovina,237.0,0.0,0.0,,,
Dennis Hadžikadunić,Bosnia and Herzegovina,27.0,0.0,1.0,,,
Dženis Burnić,Bosnia and Herzegovina,16.0,0.0,0.0,,,
Edin Džeko,Bosnia and Herzegovina,176.0,0.0,0.0,,,
Ermedin Demirović,Bosnia and Herzegovina,354.0,0.0,0.0,,,
Ermin Mahmić,Bosnia and Herzegovina,68.0,2.0,0.0,,,
Esmir Bajraktarevic,Bosnia and Herzegovina,230.0,0.0,0.0,,,
Haris Tabaković,Bosnia and Herzegovina,16.0,0.0,0.0,,,
Ivan Bašić,Bosnia and Herzegovina,179.0,0.0,1.0,,,
Ivan Šunjić,Bosnia and Herzegovina,196.0,0.0,0.0,,,
Jovo Lukić,Bosnia and Herzegovina,67.0,1.0,0.0,,,
Kerim Alajbegović,Bosnia and Herzegovina,277.0,1.0,0.0,,,
Martin Zlomislić,Bosnia and Herzegovina,,,,,,
Mladen Jurkas,Bosnia and Herzegovina,,,,,,
Nihad Mujakić,Bosnia and Herzegovina,,,,,,
Nikola Katić,Bosnia and Herzegovina,317.0,0.0,0.0,,,
Nikola Vasilj,Bosnia and Herzegovina,360.0,0.0,0.0,4.0,360.0,0.0
Samed Baždar,Bosnia and Herzegovina,29.0,0.0,0.0,,,
Sead Kolašinac,Bosnia and Herzegovina,337.0,0.0,1.0,,,
Stjepan Radeljić,Bosnia and Herzegovina,180.0,0.0,0.0,,,
Tarik Muharemovic,Bosnia and Herzegovina,259.0,0.0,0.0,,,
Alex Sandro,Brazil,9.0,0.0,0.0,,,
Alisson,Brazil,450.0,0.0,0.0,5.0,450.0,2.0
Bruno Guimarães,Brazil,416.0,0.0,4.0,,,
Casemiro,Brazil,379.0,1.0,0.0,,,
Danilo,Brazil,405.0,0.0,0.0,,,
Danilo Santos,Brazil,46.0,0.0,0.0,,,
Douglas Santos,Brazil,441.0,0.0,0.0,,,
Ederson Moraes,Brazil,,,,,,
Endrick,Brazil,114.0,0.0,0.0,,,
Fabinho,Brazil,71.0,0.0,0.0,,,
Gabriel Magalhães,Brazil,450.0,0.0,1.0,,,
Gabriel Martinelli,Brazil,143.0,1.0,0.0,,,
Gleison Bremer,Brazil,,,,,,
Igor Thiago,Brazil,61.0,0.0,0.0,,,
Lucas Paquetá,Brazil,233.0,0.0,1.0,,,
Luiz Henrique,Brazil,29.0,0.0,0.0,,,
Léo Pereira,Brazil,,,,,,
Marquinhos,Brazil,450.0,0.0,0.0,,,
Matheus Cunha,Brazil,290.0,3.0,0.0,,,
Neymar,Brazil,39.0,1.0,0.0,,,
Raphinha,Brazil,129.0,0.0,0.0,,,
Rayan,Brazil,288.0,0.0,1.0,,,
Roger Ibanez,Brazil,45.0,0.0,0.0,,,
Vinicius Júnior,Brazil,440.0,4.0,1.0,,,
Wéverton,Brazil,,,,,,
Éderson Silva,Brazil,22.0,0.0,0.0,,,
C.J. dos Santos,Cape Verde,,,,,,
Dailon Livramento,Cape Verde,174.0,0.0,0.0,,,
Deroy Duarte,Cape Verde,264.0,1.0,0.0,,,
Diney,Cape Verde,390.0,0.0,0.0,,,
Garry Rodrigues,Cape Verde,76.0,0.0,0.0,,,
Gilson Benchimol,Cape Verde,78.0,0.0,0.0,,,
Hélio Varela,Cape Verde,104.0,1.0,0.0,,,
Jamiro Monteiro,Cape Verde,281.0,0.0,0.0,,,
Jovane Cabral,Cape Verde,139.0,0.0,0.0,,,
João Paulo Fernandes,Cape Verde,105.0,0.0,0.0,,,
Kelvin Pires,Cape Verde,,,,,,
Kevin Pina,Cape Verde,349.0,1.0,0.0,,,
Laros Duarte,Cape Verde,166.0,0.0,0.0,,,
Logan Costa,Cape Verde,,,,,,
Márcio Rosa,Cape Verde,,,,,,
Nuno da Costa,Cape Verde,159.0,0.0,0.0,,,
Pico,Cape Verde,390.0,0.0,0.0,,,
Ryan Mendes,Cape Verde,330.0,0.0,1.0,,,
Sidny Lopes Cabral,Cape Verde,285.0,1.0,0.0,,,
Steven Moreira,Cape Verde,301.0,0.0,0.0,,,
Stopira,Cape Verde,,,,,,
Telmo Arcanjo,Cape Verde,57.0,0.0,0.0,,,
Vozinha,Cape Verde,390.0,0.0,0.0,4.0,390.0,2.0
Wagner Pina,Cape Verde,89.0,0.0,0.0,,,
Willy Semedo,Cape Verde,131.0,0.0,0.0,,,
Yannick,Cape Verde,32.0,0.0,1.0,,,
Alfie Jones,Canada,,,,,,
Ali Ahmed,Canada,234.0,0.0,0.0,,,
Alistair Johnston,Canada,450.0,0.0,0.0,,,
Alphonso Davies,Canada,16.0,0.0,0.0,,,
Cyle Larin,Canada,190.0,2.0,0.0,,,
Dayne St. Clair,Canada,,,,,,
Derek Cornelius,Canada,315.0,0.0,0.0,,,
Ismaël Koné,Canada,146.0,0.0,0.0,,,
Jacob Shaffelburg,Canada,92.0,0.0,0.0,,,
Jayden Nelson,Canada,4.0,0.0,0.0,,,
Joel Waterman,Canada,,,,,,
Jonathan David,Canada,420.0,3.0,0.0,,,
Jonathan Osorio,Canada,5.0,0.0,0.0,,,
Liam Millar,Canada,162.0,0.0,0.0,,,
Luc De Fougerolles,Canada,372.0,0.0,0.0,,,
Mathieu Choinière,Canada,57.0,0.0,0.0,,,
Maxime Crépeau,Canada,450.0,0.0,0.0,5.0,450.0,2.0
Moïse Bombito,Canada,193.0,0.0,0.0,,,
Nathan Saliba,Canada,182.0,1.0,2.0,,,
Niko Sigur,Canada,126.0,0.0,0.0,,,
Owen Goodman,Canada,,,,,,
Promise David,Canada,80.0,1.0,1.0,,,
Richie Laryea,Canada,429.0,0.0,0.0,,,
Stephen Eustáquio,Canada,392.0,1.0,0.0,,,
Tajon Buchanan,Canada,376.0,0.0,0.0,,,
Tani Oluwaseyi,Canada,259.0,0.0,0.0,,,
Andrés Gómez,Colombia,1.0,0.0,0.0,,,
Camilo Vargas,Colombia,480.0,0.0,0.0,5.0,480.0,4.0
Cucho,Colombia,50.0,0.0,1.0,,,
Daniel Muñoz,Colombia,394.0,2.0,0.0,,,
David Ospina,Colombia,,,,,,
Davinson Sánchez,Colombia,480.0,0.0,0.0,,,
Deiver Machado,Colombia,90.0,0.0,0.0,,,
Gustavo Puerta,Colombia,469.0,0.0,1.0,,,
James Rodríguez,Colombia,313.0,0.0,0.0,,,
Jaminton Campaz,Colombia,75.0,1.0,0.0,,,
Jefferson Lerma,Colombia,410.0,0.0,0.0,,,
Jhon Arias,Colombia,377.0,1.0,0.0,,,
Jhon Córdoba,Colombia,99.0,0.0,0.0,,,
Jhon Lucumí,Colombia,478.0,0.0,0.0,,,
Johan Mojica,Colombia,390.0,0.0,0.0,,,
Jorge Carrascal,Colombia,,,,,,
Juan Camilo Portilla,Colombia,,,,,,
Juan Quintero,Colombia,121.0,0.0,1.0,,,
Kevin Castaño,Colombia,16.0,0.0,0.0,,,
Luis Díaz,Colombia,478.0,1.0,1.0,,,
Luis Suárez,Colombia,331.0,0.0,1.0,,,
Richard Ríos,Colombia,140.0,0.0,0.0,,,
Santiago Arias,Colombia,86.0,0.0,0.0,,,
Willer Ditta,Colombia,,,,,,
Yerry Mina,Colombia,2.0,0.0,0.0,,,
Álvaro David Montero,Colombia,,,,,,
Aaron Tshibola,Congo DR,,,,,,
Aaron Wan-Bissaka,Congo DR,354.0,0.0,0.0,,,
Arthur Masuaku,Congo DR,315.0,0.0,1.0,,,
Axel Tuanzebe,Congo DR,360.0,0.0,0.0,,,
Brian Cipenga,Congo DR,146.0,1.0,0.0,,,
Chancel Mbemba,Congo DR,360.0,0.0,1.0,,,
Charles Pickel,Congo DR,35.0,0.0,0.0,,,
Cédric Bakambu,Congo DR,190.0,0.0,0.0,,,
Dylan Batubinsika,Congo DR,,,,,,
Edo Kayembe,Congo DR,160.0,0.0,0.0,,,
Fiston Mayele,Congo DR,42.0,1.0,0.0,,,
Gaël Kakuta,Congo DR,,,,,,
Gédéon Kalulu,Congo DR,6.0,0.0,0.0,,,
Joris Kayembe,Congo DR,45.0,0.0,0.0,,,
Lionel Mpasi,Congo DR,360.0,0.0,0.0,4.0,360.0,0.0
Matthieu Epolo,Congo DR,,,,,,
Meschak Elia,Congo DR,46.0,0.0,1.0,,,
Nathanaël Mbuku,Congo DR,143.0,0.0,0.0,,,
Ngal'Ayel Mukau,Congo DR,195.0,0.0,0.0,,,
Noah Sadiki,Congo DR,259.0,0.0,0.0,,,
Samuel Moutoussamy,Congo DR,330.0,0.0,0.0,,,
Simon Banza,Congo DR,40.0,0.0,0.0,,,
Steve Kapuadi,Congo DR,180.0,0.0,0.0,,,
Theo Bongonda,Congo DR,34.0,0.0,0.0,,,
Timothy Fayulu,Congo DR,,,,,,
Yoane Wissa,Congo DR,360.0,3.0,0.0,,,
Andrej Kramarić,Croatia,59.0,0.0,0.0,,,
Ante Budimir,Croatia,155.0,1.0,0.0,,,
Dominik Kotarski,Croatia,,,,,,
Dominik Livaković,Croatia,360.0,0.0,0.0,4.0,360.0,1.0
Duje Ćaleta-Car,Croatia,,,,,,
Igor Matanović,Croatia,95.0,0.0,0.0,,,
Ivan Perišić,Croatia,360.0,1.0,1.0,,,
Ivor Pandur,Croatia,,,,,,
Josip Stanišić,Croatia,360.0,0.0,1.0,,,
Josip Šutalo,Croatia,360.0,0.0,0.0,,,
Joško Gvardiol,Croatia,139.0,0.0,0.0,,,
Kristijan Jakić,Croatia,,,,,,
Luka Modrić,Croatia,317.0,0.0,1.0,,,
Luka Sučić,Croatia,19.0,0.0,0.0,,,
Luka Vušković,Croatia,65.0,0.0,0.0,,,
Marco Pašalić,Croatia,99.0,0.0,0.0,,,
Marin Pongračić,Croatia,270.0,0.0,0.0,,,
Mario Pašalić,Croatia,123.0,0.0,0.0,,,
Martin Baturina,Croatia,321.0,1.0,0.0,,,
Martin Erlić,Croatia,,,,,,
Mateo Kovačić,Croatia,270.0,0.0,1.0,,,
Nikola Moro,Croatia,,,,,,
Nikola Vlašić,Croatia,189.0,1.0,0.0,,,
Petar Musa,Croatia,110.0,1.0,0.0,,,
Petar Sučić,Croatia,289.0,1.0,1.0,,,
Toni Fruk,Croatia,,,,,,
Ar'jany Martha,Curaçao,,,,,,
Armando Obispo,Curaçao,270.0,0.0,0.0,,,
Brandley Kuwas,Curaçao,1.0,0.0,0.0,,,
Deveron Fonville,Curaçao,241.0,0.0,0.0,,,
Eloy Room,Curaçao,270.0,0.0,0.0,3.0,270.0,1.0
Gervane Kastaneer,Curaçao,30.0,0.0,0.0,,,
Godfried Roemeratoe,Curaçao,7.0,0.0,0.0,,,
Jearl Margaritha,Curaçao,41.0,0.0,0.0,,,
Jeremy Antonisse,Curaçao,75.0,0.0,0.0,,,
Joshua Brenet,Curaçao,179.0,0.0,0.0,,,
Juninho Bacuna,Curaçao,254.0,0.0,0.0,,,
Juriën Gaari,Curaçao,166.0,0.0,0.0,,,
Jürgen Locadia,Curaçao,235.0,0.0,0.0,,,
Kenji Gorré,Curaçao,16.0,0.0,0.0,,,
Kevin Felida,Curaçao,,,,,,
Leandro Bacuna,Curaçao,270.0,0.0,0.0,,,
Livano Comenencia,Curaçao,233.0,1.0,0.0,,,
Riechedly Bazoer,Curaçao,90.0,0.0,0.0,,,
Roshon van Eijma,Curaçao,15.0,0.0,0.0,,,
Sherel Floranus,Curaçao,270.0,0.0,0.0,,,
Shurandy Sambo,Curaçao,1.0,0.0,0.0,,,
Sontje Hansen,Curaçao,45.0,0.0,0.0,,,
Tahith Chong,Curaçao,247.0,0.0,0.0,,,
Trevor Doornbusch,Curaçao,,,,,,
Tyrese Noslin,Curaçao,14.0,0.0,0.0,,,
Tyrick Bodak,Curaçao,,,,,,
Adam Hložek,Czech Republic,156.0,0.0,0.0,,,
Alexandr Sojka,Czech Republic,141.0,0.0,1.0,,,
David Douděra,Czech Republic,90.0,0.0,0.0,,,
David Jurásek,Czech Republic,,,,,,
David Zima,Czech Republic,13.0,0.0,0.0,,,
Denis Višinský,Czech Republic,55.0,0.0,0.0,,,
Hugo Sochůrek,Czech Republic,,,,,,
Jan Kuchta,Czech Republic,,,,,,
Jaroslav Zelený,Czech Republic,126.0,0.0,0.0,,,
Jindřich Staněk,Czech Republic,,,,,,
Ladislav Krejčí,Czech Republic,270.0,1.0,0.0,,,
Lukáš Horníček,Czech Republic,,,,,,
Lukáš Provod,Czech Republic,122.0,0.0,0.0,,,
Lukáš Červ,Czech Republic,163.0,0.0,0.0,,,
Matej Kovar,Czech Republic,270.0,0.0,0.0,3.0,270.0,0.0
Michal Sadílek,Czech Republic,183.0,1.0,0.0,,,
Mojmír Chytil,Czech Republic,7.0,0.0,0.0,,,
Patrik Schick,Czech Republic,180.0,0.0,0.0,,,
Pavel Šulc,Czech Republic,189.0,0.0,0.0,,,
Robin Hranáč,Czech Republic,270.0,0.0,0.0,,,
Tomáš Chorý,Czech Republic,31.0,0.0,0.0,,,
Tomáš Holeš,Czech Republic,153.0,0.0,0.0,,,
Tomáš Souček,Czech Republic,137.0,0.0,0.0,,,
Vladimír Coufal,Czech Republic,270.0,0.0,1.0,,,
Vladimír Darida,Czech Republic,54.0,0.0,0.0,,,
Štěpán Chaloupek,Czech Republic,90.0,0.0,0.0,,,
Alban Lafont,Côte d'Ivoire,,,,,,
Amad Diallo,Côte d'Ivoire,185.0,2.0,0.0,,,
Ange-Yoan Bonny,Côte d'Ivoire,234.0,0.0,0.0,,,
Bazoumana Touré,Côte d'Ivoire,80.0,0.0,0.0,,,
Christ Inao Oulaï,Côte d'Ivoire,208.0,0.0,0.0,,,
Christopher Opéri,Côte d'Ivoire,90.0,0.0,0.0,,,
Elye Wahi,Côte d'Ivoire,110.0,0.0,0.0,,,
Emmanuel Agbadou,Côte d'Ivoire,270.0,0.0,0.0,,,
Evann Guessand,Côte d'Ivoire,17.0,0.0,0.0,,,
Franck Kessié,Côte d'Ivoire,346.0,1.0,0.0,,,
Ghislain Konan,Côte d'Ivoire,269.0,0.0,0.0,,,
Guéla Doué,Côte d'Ivoire,277.0,0.0,0.0,,,
Ibrahim Sangaré,Côte d'Ivoire,268.0,0.0,1.0,,,
Jean Seri,Côte d'Ivoire,14.0,0.0,0.0,,,
Mohamed Koné,Côte d'Ivoire,,,,,,
Nicolas Pépé,Côte d'Ivoire,234.0,2.0,1.0,,,
Obite N'Dicka,Côte d'Ivoire,,,,,,
Odilon Kossounou,Côte d'Ivoire,272.0,0.0,0.0,,,
Oumar Diakité,Côte d'Ivoire,28.0,0.0,0.0,,,
Ousmane Diomande,Côte d'Ivoire,90.0,0.0,0.0,,,
Parfait Guiagon,Côte d'Ivoire,,,,,,
Seko Fofana,Côte d'Ivoire,92.0,0.0,0.0,,,
Simon Adingra,Côte d'Ivoire,16.0,0.0,0.0,,,
Wilfried Singo,Côte d'Ivoire,171.0,0.0,1.0,,,
Yahia Fofana,Côte d'Ivoire,360.0,0.0,0.0,4.0,360.0,2.0
Yan Diomandé,Côte d'Ivoire,329.0,0.0,1.0,,,
Alan Franco,Ecuador,251.0,0.0,0.0,,,
Alan Minda,Ecuador,55.0,0.0,0.0,,,
Anthony Valencia,Ecuador,,,,,,
Denil Castillo,Ecuador,,,,,,
Enner Valencia,Ecuador,287.0,0.0,0.0,,,
Félix Torres Caicedo,Ecuador,6.0,0.0,0.0,,,
Gonzalo Plata,Ecuador,360.0,1.0,0.0,,,
Gonzalo Valle,Ecuador,,,,,,
Hernán Galíndez,Ecuador,360.0,0.0,0.0,4.0,360.0,1.0
Jackson Porozo,Ecuador,29.0,0.0,0.0,,,
Jeremy Arévalo,Ecuador,,,,,,
Joel Ordóñez,Ecuador,225.0,0.0,0.0,,,
John Yeboah,Ecuador,311.0,0.0,0.0,,,
Jordy Alcivar,Ecuador,45.0,0.0,0.0,,,
Jordy Caicedo,Ecuador,20.0,0.0,0.0,,,
Kendry Páez,Ecuador,12.0,0.0,0.0,,,
Kevin Rodríguez,Ecuador,118.0,0.0,1.0,,,
Moisés Caicedo,Ecuador,360.0,0.0,0.0,,,
Moisés Ramírez,Ecuador,,,,,,
Nilson Angulo,Ecuador,218.0,1.0,0.0,,,
Pedro Vite,Ecuador,360.0,0.0,1.0,,,
Pervis Estupiñán,Ecuador,89.0,0.0,0.0,,,
Piero Hincapié,Ecuador,339.0,0.0,0.0,,,
Willian Pacho,Ecuador,360.0,0.0,0.0,,,
Yaimar Medina,Ecuador,45.0,0.0,0.0,,,
Ángelo Preciado,Ecuador,109.0,0.0,0.0,,,
Ahmed Fatouh,Egypt,267.0,0.0,0.0,,,
El Mahdy Soliman,Egypt,,,,,,
Emam Ashour,Egypt,362.0,2.0,0.0,,,
Haissem Hassan,Egypt,126.0,0.0,1.0,,,
Hamdy Fathy,Egypt,238.0,0.0,0.0,,,
Hamza Abdelkarim,Egypt,60.0,0.0,0.0,,,
Hossam Abdelmaguid,Egypt,59.0,0.0,0.0,,,
Ibrahim Adel,Egypt,3.0,0.0,0.0,,,
Karim Hafez,Egypt,172.0,0.0,1.0,,,
Mahmoud Saber,Egypt,46.0,1.0,0.0,,,
Marwan Attia,Egypt,434.0,0.0,1.0,,,
Mohamed Abdelmonem,Egypt,14.0,0.0,0.0,,,
Mohamed Alaa,Egypt,,,,,,
Mohamed El-Shenawy,Egypt,,,,,,
Mohamed Hany,Egypt,480.0,0.0,1.0,,,
Mohamed Salah,Egypt,425.0,1.0,2.0,,,
Mohanad Lasheen,Egypt,359.0,0.0,0.0,,,
Mostafa Shobeir,Egypt,480.0,0.0,0.0,5.0,480.0,0.0
Mostafa Ziko,Egypt,370.0,2.0,1.0,,,
Nabil Dunga,Egypt,,,,,,
Omar Marmoush,Egypt,326.0,0.0,0.0,,,
Ramy Rabia,Egypt,372.0,0.0,0.0,,,
Tarek Alaa,Egypt,,,,,,
Trézéguet,Egypt,164.0,1.0,1.0,,,
Yasser Ibrahim,Egypt,467.0,1.0,0.0,,,
Zizo,Egypt,56.0,0.0,0.0,,,
Anthony Gordon,England,325.0,0.0,3.0,,,
Bukayo Saka,England,268.0,0.0,3.0,,,
Dan Burn,England,26.0,0.0,0.0,,,
Dean Henderson,England,,,,,,
Declan Rice,England,385.0,0.0,1.0,,,
Djed Spence,England,225.0,0.0,0.0,,,
Eberechi Eze,England,133.0,0.0,0.0,,,
Elliot Anderson,England,530.0,0.0,1.0,,,
Ezri Konsa,England,538.0,0.0,0.0,,,
Harry Kane,England,562.0,6.0,1.0,,,
Ivan Toney,England,,,,,,
James Trafford,England,,,,,,
Jarell Quansah,England,115.0,0.0,0.0,,,
John Stones,England,241.0,0.0,0.0,,,
Jordan Henderson,England,7.0,0.0,0.0,,,
Jordan Pickford,England,570.0,0.0,0.0,6.0,570.0,2.0
Jude Bellingham,England,512.0,6.0,1.0,,,
Kobbie Mainoo,England,,,,,,
Marc Guéhi,England,484.0,0.0,0.0,,,
Marcus Rashford,England,177.0,1.0,0.0,,,
Morgan Rogers,England,159.0,0.0,0.0,,,
Nico O'Reilly,England,453.0,0.0,0.0,,,
Noni Madueke,England,286.0,0.0,0.0,,,
Ollie Watkins,England,7.0,0.0,0.0,,,
Reece James,England,230.0,0.0,0.0,,,
Trevoh Chalobah,England,,,,,,
Adrien Rabiot,France,495.0,0.0,1.0,,,
Aurélien Tchouaméni,France,360.0,0.0,1.0,,,
Bradley Barcola,France,339.0,2.0,1.0,,,
Brice Samba,France,,,,,,
Dayot Upamecano,France,615.0,0.0,0.0,,,
Désiré Doué,France,355.0,1.0,1.0,,,
Ibrahima Konaté,France,15.0,0.0,0.0,,,
Jean-Philippe Mateta,France,24.0,0.0,0.0,,,
Jules Koundé,France,598.0,0.0,0.0,,,
Kylian Mbappé,France,605.0,8.0,3.0,,,
Lucas Digne,France,418.0,0.0,0.0,,,
Lucas Hernández,France,,,,,,
Maghnes Akliouche,France,8.0,0.0,0.0,,,
Malo Gusto,France,32.0,0.0,0.0,,,
Manu Koné,France,385.0,0.0,0.0,,,
Marcus Thuram,France,1.0,0.0,0.0,,,
Maxence Lacroix,France,151.0,0.0,0.0,,,
Michael Olise,France,556.0,0.0,5.0,,,
Mike Maignan,France,630.0,0.0,0.0,7.0,630.0,4.0
N'Golo Kanté,France,,,,,,
Ousmane Dembélé,France,547.0,5.0,2.0,,,
Rayan Cherki,France,85.0,0.0,0.0,,,
Robin Risser,France,,,,,,
Theo Hernández,France,212.0,0.0,0.0,,,
Warren Zaïre-Emery,France,20.0,0.0,0.0,,,
William Saliba,France,479.0,0.0,0.0,,,
Aleksandar Pavlovic,Germany,272.0,0.0,0.0,,,
Alexander Nübel,Germany,,,,,,
Angelo Stiller,Germany,45.0,0.0,0.0,,,
Antonio Rüdiger,Germany,262.0,0.0,0.0,,,
Assan Ouédraogo,Germany,,,,,,
David Raum,Germany,108.0,0.0,0.0,,,
Deniz Undav,Germany,151.0,3.0,2.0,,,
Felix Nmecha,Germany,270.0,1.0,1.0,,,
Florian Wirtz,Germany,361.0,0.0,3.0,,,
Jamal Musiala,Germany,270.0,1.0,0.0,,,
Jamie Leweling,Germany,31.0,0.0,0.0,,,
Jonathan Tah,Germany,372.0,0.0,0.0,,,
Joshua Kimmich,Germany,351.0,0.0,2.0,,,
Kai Havertz,Germany,353.0,3.0,0.0,,,
Leon Goretzka,Germany,99.0,0.0,0.0,,,
Leroy Sané,Germany,326.0,1.0,0.0,,,
Malick Thiaw,Germany,42.0,0.0,0.0,,,
Manuel Neuer,Germany,390.0,0.0,0.0,4.0,390.0,0.0
Maximilian Beier,Germany,27.0,0.0,0.0,,,
Nadiem Amiri,Germany,42.0,0.0,1.0,,,
Nathaniel Brown,Germany,282.0,1.0,1.0,,,
Nick Woltemade,Germany,33.0,0.0,0.0,,,
Nico Schlotterbeck,Germany,135.0,1.0,0.0,,,
Oliver Baumann,Germany,,,,,,
Pascal Groß,Germany,18.0,0.0,0.0,,,
Waldemar Anton,Germany,50.0,0.0,0.0,,,
Abdul Fatawu Issahaku,Ghana,132.0,0.0,0.0,,,
Abdul Mumin,Ghana,,,,,,
Abdul Rahman Baba,Ghana,1.0,0.0,0.0,,,
Alidu Seidu,Ghana,78.0,0.0,0.0,,,
Antoine Semenyo,Ghana,360.0,0.0,0.0,,,
Augustine Boakye,Ghana,,,,,,
Benjamin Asare,Ghana,225.0,0.0,0.0,3.0,225.0,2.0
Brandon Thomas-Asante,Ghana,53.0,0.0,0.0,,,
Caleb Yirenkyi,Ghana,264.0,1.0,0.0,,,
Christopher Bonsu-Baah,Ghana,,,,,,
Derrick Luckassen,Ghana,180.0,1.0,0.0,,,
Elisha Owusu,Ghana,151.0,0.0,0.0,,,
Ernest Nuamah,Ghana,89.0,0.0,1.0,,,
Gideon Mensah,Ghana,360.0,0.0,0.0,,,
Iñaki Williams,Ghana,126.0,0.0,0.0,,,
Jerome Opoku,Ghana,270.0,0.0,0.0,,,
Jonas Adjetey,Ghana,225.0,0.0,0.0,,,
Jordan Ayew,Ghana,300.0,0.0,0.0,,,
Joseph Anang,Ghana,,,,,,
Kamaldeen Sulemana,Ghana,127.0,0.0,0.0,,,
Kojo Peprah Oppong,Ghana,49.0,0.0,0.0,,,
Kwasi Sibo,Ghana,248.0,0.0,0.0,,,
Lawrence Ati-Zigi,Ghana,135.0,0.0,0.0,2.0,135.0,1.0
Marvin Senaya,Ghana,278.0,0.0,0.0,,,
Prince Kwabena Adu,Ghana,39.0,0.0,0.0,,,
Thomas Partey,Ghana,270.0,0.0,0.0,,,
Alexandre Pierre,Haiti,,,,,,
Carl Fred Sainté,Haiti,,,,,,
Carlens Arcus,Haiti,146.0,0.0,0.0,,,
Danley Jean-Jacques,Haiti,259.0,0.0,0.0,,,
Derrick Etienne,Haiti,10.0,0.0,0.0,,,
Dominique Simon,Haiti,56.0,0.0,0.0,,,
Duckens Nazon,Haiti,24.0,0.0,0.0,,,
Duke Lacroix,Haiti,,,,,,
Frantzdy Pierrot,Haiti,143.0,0.0,0.0,,,
Garven Metusala,Haiti,,,,,,
Hannes Delcroix,Haiti,270.0,0.0,0.0,,,
Jean-Kevin Duverne,Haiti,169.0,0.0,1.0,,,
Jean-Ricner Bellegarde,Haiti,260.0,0.0,0.0,,,
Johny Placide,Haiti,270.0,0.0,0.0,3.0,270.0,0.0
Josué Casimir,Haiti,182.0,0.0,0.0,,,
Josué Duverger,Haiti,,,,,,
Keeto Thermoncy,Haiti,,,,,,
Lenny Joseph,Haiti,117.0,0.0,0.0,,,
Louicius Deedson,Haiti,112.0,0.0,0.0,,,
Martin Expérience,Haiti,270.0,0.0,0.0,,,
Ricardo Adé,Haiti,270.0,0.0,0.0,,,
Ruben Providence,Haiti,220.0,0.0,0.0,,,
Wilguens Paugain,Haiti,,,,,,
Wilson Isidor,Haiti,186.0,1.0,0.0,,,
Woodensky Pierre,Haiti,,,,,,
Yassin Fortuné,Haiti,6.0,0.0,0.0,,,
Ali Alipour,Iran,38.0,0.0,0.0,,,
Ali Nemati,Iran,270.0,0.0,0.0,,,
Alireza Beiranvand,Iran,270.0,0.0,0.0,3.0,270.0,1.0
Alireza Jahanbakhsh,Iran,46.0,0.0,0.0,,,
Amirhossein Hosseinzadeh,Iran,17.0,0.0,0.0,,,
Amirmohammad Razzaghinia,Iran,,,,,,
Aria Yousefi,Iran,45.0,0.0,0.0,,,
Danial Eiri,Iran,,,,,,
Dennis Eckert,Iran,,,,,,
Ehsan Hajsafi,Iran,91.0,0.0,0.0,,,
Hossein Hosseini,Iran,,,,,,
Hossein Kanaanizadegan,Iran,135.0,0.0,0.0,,,
Mehdi Ghayedi,Iran,45.0,0.0,0.0,,,
Mehdi Taremi,Iran,259.0,0.0,0.0,,,
Mehdi Torabi,Iran,25.0,0.0,0.0,,,
Milad Mohammadi,Iran,205.0,0.0,0.0,,,
Mohammad Ghorbani,Iran,90.0,0.0,0.0,,,
Mohammad Mohebi,Iran,244.0,1.0,0.0,,,
Payam Niazmand,Iran,,,,,,
Ramin Rezaeian,Iran,270.0,2.0,1.0,,,
Rouzbeh Cheshmi,Iran,,,,,,
Saeid Ezatolahi,Iran,264.0,0.0,0.0,,,
Saleh Hardani,Iran,90.0,0.0,0.0,,,
Saman Ghoddos,Iran,208.0,0.0,0.0,,,
Shahriar Moghanlou,Iran,88.0,0.0,0.0,,,
Shoja' Khalilzadeh,Iran,270.0,0.0,0.0,,,
Ahmed Basil,Iraq,135.0,0.0,0.0,2.0,135.0,0.0
Ahmed Maknzi,Iraq,33.0,0.0,0.0,,,
Ahmed Qasem,Iraq,123.0,0.0,0.0,,,
Aimar Sher,Iraq,23.0,0.0,0.0,,,
Akam Hashim,Iraq,270.0,0.0,0.0,,,
Ali Al Hamadi,Iraq,180.0,0.0,0.0,,,
Ali Jasim,Iraq,129.0,0.0,0.0,,,
Ali Yousif,Iraq,33.0,0.0,0.0,,,
Amir Al Ammari,Iraq,247.0,0.0,1.0,,,
Ayman Hussein,Iraq,115.0,1.0,0.0,,,
Fahad Talib,Iraq,,,,,,
Frans Dhia Putros,Iraq,90.0,0.0,0.0,,,
Hussein Ali,Iraq,162.0,0.0,0.0,,,
Ibrahim Bayesh,Iraq,235.0,0.0,0.0,,,
Jalal Hassan,Iraq,135.0,0.0,0.0,2.0,135.0,0.0
Kevin Yakob,Iraq,24.0,0.0,0.0,,,
Manaf Younis,Iraq,75.0,0.0,0.0,,,
Marko Farji,Iraq,54.0,0.0,0.0,,,
Merchas Doski,Iraq,270.0,0.0,0.0,,,
Mohanad Ali,Iraq,13.0,0.0,0.0,,,
Mustafa Saadoon,Iraq,18.0,0.0,0.0,,,
Rebin Sulaka,Iraq,43.0,0.0,0.0,,,
Youssef Amyn,Iraq,31.0,0.0,0.0,,,
Zaid Ismail,Iraq,117.0,0.0,0.0,,,
Zaid Tahseen,Iraq,149.0,0.0,0.0,,,
Zidane Iqbal,Iraq,188.0,0.0,0.0,,,
Ao Tanaka,Japan,193.0,0.0,0.0,,,
Ayase Ueda,Japan,321.0,2.0,1.0,,,
Ayumu Seko,Japan,86.0,0.0,0.0,,,
Daichi Kamada,Japan,329.0,2.0,0.0,,,
Daizen Maeda,Japan,244.0,1.0,0.0,,,
Hiroki Ito,Japan,360.0,0.0,0.0,,,
Junnosuke Suzuki,Japan,43.0,0.0,0.0,,,
Junya Itō,Japan,216.0,1.0,0.0,,,
Kaishū Sano,Japan,270.0,1.0,1.0,,,
Keisuke Gotō,Japan,7.0,0.0,0.0,,,
Keisuke Ōsako,Japan,,,,,,
Keito Nakamura,Japan,307.0,1.0,1.0,,,
Kento Shiogai,Japan,7.0,0.0,0.0,,,
Ko Itakura,Japan,128.0,0.0,1.0,,,
Kōki Ogawa,Japan,42.0,0.0,1.0,,,
Ritsu Doan,Japan,278.0,0.0,1.0,,,
Shogo Taniguchi,Japan,232.0,0.0,0.0,,,
Shuto Machino,Japan,13.0,0.0,0.0,,,
Takefusa Kubo,Japan,74.0,0.0,1.0,,,
Takehiro Tomiyasu,Japan,184.0,0.0,0.0,,,
Tomoki Hayakawa,Japan,,,,,,
Tsuyoshi Watanabe,Japan,90.0,0.0,0.0,,,
Yuito Suzuki,Japan,12.0,0.0,0.0,,,
Yukinari Sugawara,Japan,148.0,0.0,0.0,,,
Yūto Nagatomo,Japan,16.0,0.0,0.0,,,
Zion Suzuki,Japan,360.0,0.0,0.0,4.0,360.0,1.0
Abdallah Al-Fakhouri,Jordan,,,,,,
Abdallah Nasib,Jordan,260.0,0.0,0.0,,,
Ali Azaizeh,Jordan,54.0,0.0,0.0,,,
Ali Olwan,Jordan,268.0,1.0,0.0,,,
Amer Jamous,Jordan,15.0,0.0,0.0,,,
Anas Badawi,Jordan,,,,,,
Husam Abu Dahab,Jordan,178.0,0.0,0.0,,,
Ibrahim Sadeh,Jordan,,,,,,
Ihsan Haddad,Jordan,260.0,0.0,1.0,,,
Mahmoud Al-Mardi,Jordan,130.0,0.0,0.0,,,
Mo Abualnadi,Jordan,71.0,0.0,0.0,,,
Mohammad Abu Hasheesh,Jordan,6.0,0.0,0.0,,,
Mohammad Al-Dawud,Jordan,3.0,0.0,0.0,,,
Mohammad Taha,Jordan,,,,,,
Mohannad Abu Taha,Jordan,264.0,0.0,0.0,,,
Musa Al-Taamari,Jordan,215.0,1.0,1.0,,,
Nizar Al Rashdan,Jordan,255.0,1.0,0.0,,,
Noor Al Rawabdeh,Jordan,270.0,0.0,1.0,,,
Nour Bani Attiah,Jordan,,,,,,
Odeh Al-Fakhouri,Jordan,148.0,0.0,0.0,,,
Rajaei Ayed,Jordan,,,,,,
Saed Al-Rosan,Jordan,10.0,0.0,0.0,,,
Salim Obaid,Jordan,21.0,0.0,0.0,,,
Sharara,Jordan,2.0,0.0,0.0,,,
Yazan Al-Arab,Jordan,270.0,0.0,0.0,,,
Yazeed Abulaila,Jordan,270.0,0.0,0.0,3.0,270.0,0.0
Bae Jun-ho,Korea Republic,,,,,,
Cho Gue-sung,Korea Republic,31.0,0.0,0.0,,,
Cho Wi-je,Korea Republic,,,,,,
Eom Ji-sung,Korea Republic,42.0,0.0,0.0,,,
Hwang Hee-chan,Korea Republic,108.0,0.0,0.0,,,
Hwang In-beom,Korea Republic,263.0,1.0,1.0,,,
Jens Castrop,Korea Republic,45.0,0.0,0.0,,,
Jo Hyeon-woo,Korea Republic,,,,,,
Kim Jin-gyu,Korea Republic,52.0,0.0,0.0,,,
Kim Min-jae,Korea Republic,245.0,0.0,0.0,,,
Kim Moon-hwan,Korea Republic,70.0,0.0,0.0,,,
Kim Seung-gyu,Korea Republic,270.0,0.0,0.0,3.0,270.0,0.0
Kim Tae-hyeon,Korea Republic,,,,,,
Lee Dong-gyeong,Korea Republic,,,,,,
Lee Gi-hyuk,Korea Republic,270.0,0.0,0.0,,,
Lee Han-beom,Korea Republic,270.0,0.0,0.0,,,
Lee Jae-sung,Korea Republic,117.0,0.0,0.0,,,
Lee Kang-in,Korea Republic,270.0,0.0,1.0,,,
Lee Tae-seok,Korea Republic,113.0,0.0,0.0,,,
Oh Hyeon-gyu,Korea Republic,129.0,1.0,0.0,,,
Paik Seung-ho,Korea Republic,204.0,0.0,0.0,,,
Park Jinseob,Korea Republic,32.0,0.0,0.0,,,
Seol Young-woo,Korea Republic,250.0,0.0,0.0,,,
Son Heung-min,Korea Republic,169.0,0.0,0.0,,,
Song Bum-keun,Korea Republic,,,,,,
Yang Hyun-jun,Korea Republic,20.0,0.0,0.0,,,
Alexis Vega,Mexico,12.0,0.0,0.0,,,
Armando González,Mexico,15.0,0.0,0.0,,,
Brian Gutiérrez,Mexico,198.0,0.0,0.0,,,
Carlos Acevedo,Mexico,,,,,,
César Huerta,Mexico,7.0,0.0,0.0,,,
César Montes,Mexico,314.0,0.0,0.0,,,
Edson Álvarez,Mexico,240.0,0.0,0.0,,,
Erik Lira,Mexico,345.0,0.0,1.0,,,
Gilberto Mora,Mexico,213.0,0.0,0.0,,,
Guillermo Martínez Ayala,Mexico,72.0,0.0,0.0,,,
Guillermo Ochoa,Mexico,13.0,0.0,0.0,1.0,13.0,1.0
Israel Reyes,Mexico,202.0,0.0,0.0,,,
Jesús Gallardo,Mexico,373.0,0.0,0.0,,,
Johan Vásquez,Mexico,360.0,0.0,0.0,,,
Jorge Sánchez,Mexico,348.0,0.0,1.0,,,
Julián Quiñones,Mexico,410.0,4.0,1.0,,,
Luis Chávez,Mexico,25.0,0.0,0.0,,,
Luis Romo,Mexico,264.0,1.0,1.0,,,
Mateo Chávez,Mexico,77.0,1.0,0.0,,,
Obed Vargas,Mexico,66.0,0.0,0.0,,,
Orbelín Pineda,Mexico,31.0,0.0,0.0,,,
Raúl Jiménez,Mexico,317.0,3.0,0.0,,,
Raúl Rangel,Mexico,437.0,0.0,0.0,5.0,437.0,4.0
Roberto Alvarado,Mexico,428.0,0.0,3.0,,,
Santiago Giménez,Mexico,86.0,0.0,0.0,,,
Álvaro Fidalgo,Mexico,96.0,1.0,0.0,,,
Achraf Hakimi,Morocco,570.0,1.0,2.0,,,
Ahmed Reda Tagnaouti,Morocco,,,,,,
Amine Sbai,Morocco,6.0,0.0,0.0,,,
Anass Salah-Eddine,Morocco,212.0,0.0,0.0,,,
Ayoub El Kaabi,Morocco,69.0,0.0,0.0,,,
Ayoube Amaimouni,Morocco,18.0,0.0,0.0,,,
Ayyoub Bouaddi,Morocco,381.0,0.0,0.0,,,
Azzedine Ounahi,Morocco,435.0,2.0,0.0,,,
Bilal El Khannouss,Morocco,461.0,0.0,0.0,,,
Brahim Díaz,Morocco,457.0,0.0,4.0,,,
Chadi Riad,Morocco,344.0,0.0,1.0,,,
Chemsdine Talbi,Morocco,179.0,0.0,1.0,,,
Gessime Yassine,Morocco,80.0,1.0,0.0,,,
Ismael Saibari,Morocco,381.0,3.0,0.0,,,
Issa Diop,Morocco,476.0,1.0,0.0,,,
Marwane Saâdane,Morocco,4.0,0.0,0.0,,,
Munir,Morocco,,,,,,
Neil El Aynaoui,Morocco,562.0,0.0,0.0,,,
Noussair Mazraoui,Morocco,477.0,0.0,0.0,,,
Redouane Halhal,Morocco,180.0,0.0,0.0,,,
Samir El Mourabet,Morocco,81.0,0.0,0.0,,,
Sofyan Amrabat,Morocco,147.0,0.0,0.0,,,
Soufiane Rahimi,Morocco,163.0,2.0,1.0,,,
Yassine Bounou,Morocco,570.0,0.0,0.0,6.0,570.0,2.0
Youssef Belammari,Morocco,,,,,,
Zakaria El Ouahdi,Morocco,17.0,0.0,0.0,,,
Bart Verbruggen,Netherlands,390.0,0.0,0.0,4.0,390.0,0.0
Brian Brobbey,Netherlands,223.0,3.0,0.0,,,
Cody Gakpo,Netherlands,368.0,3.0,1.0,,,
Crysencio Summerville,Netherlands,253.0,2.0,2.0,,,
Denzel Dumfries,Netherlands,390.0,0.0,2.0,,,
Donyell Malen,Netherlands,185.0,0.0,0.0,,,
Frenkie de Jong,Netherlands,328.0,0.0,0.0,,,
Guus Til,Netherlands,32.0,0.0,0.0,,,
Jan Paul van Hecke,Netherlands,390.0,1.0,0.0,,,
Jorrel Hato,Netherlands,35.0,0.0,0.0,,,
Justin Kluivert,Netherlands,27.0,0.0,0.0,,,
Lutsharel Geertruida,Netherlands,,,,,,
Mark Flekken,Netherlands,,,,,,
Marten de Roon,Netherlands,11.0,0.0,0.0,,,
Mats Wieffer,Netherlands,,,,,,
Memphis,Netherlands,54.0,0.0,1.0,,,
Micky van de Ven,Netherlands,265.0,0.0,0.0,,,
Nathan Aké,Netherlands,170.0,0.0,0.0,,,
Noa Lang,Netherlands,8.0,0.0,0.0,,,
Quinten Timber,Netherlands,55.0,0.0,0.0,,,
Robin Roefs,Netherlands,,,,,,
Ryan Gravenberch,Netherlands,345.0,0.0,2.0,,,
Teun Koopmeiners,Netherlands,122.0,0.0,0.0,,,
Tijjani Reijnders,Netherlands,199.0,0.0,1.0,,,
Virgil van Dijk,Netherlands,390.0,1.0,1.0,,,
Wout Weghorst,Netherlands,50.0,0.0,0.0,,,
Alex Paulsen,New Zealand,,,,,,
Alex Rufer,New Zealand,,,,,,
Ben Old,New Zealand,93.0,0.0,0.0,,,
Ben Waine,New Zealand,,,,,,
Callan Elliot,New Zealand,13.0,0.0,0.0,,,
Callum McCowatt,New Zealand,159.0,0.0,0.0,,,
Chris Wood,New Zealand,270.0,0.0,2.0,,,
Elijah Just,New Zealand,264.0,3.0,0.0,,,
Finn Surman,New Zealand,270.0,1.0,0.0,,,
Francis de Vries,New Zealand,18.0,0.0,0.0,,,
Jesse Randall,New Zealand,61.0,0.0,0.0,,,
Joe Bell,New Zealand,243.0,0.0,0.0,,,
Kosta Barbarouses,New Zealand,,,,,,
Lachlan Bayliss,New Zealand,,,,,,
Liberato Cacace,New Zealand,220.0,0.0,0.0,,,
Logan Rogerson,New Zealand,,,,,,
Marko Stamenic,New Zealand,269.0,0.0,0.0,,,
Max Crocombe,New Zealand,270.0,0.0,0.0,3.0,270.0,0.0
Michael Boxall,New Zealand,207.0,0.0,0.0,,,
Michael Woud,New Zealand,,,,,,
Nando Pijnaker,New Zealand,,,,,,
Ryan Thomas,New Zealand,83.0,0.0,0.0,,,
Sarpreet Singh,New Zealand,209.0,0.0,0.0,,,
Tim Payne,New Zealand,224.0,0.0,1.0,,,
Tommy Smith,New Zealand,,,,,,
Tyler Bindon,New Zealand,97.0,0.0,0.0,,,
Alexander Sørloth,Norway,337.0,0.0,0.0,,,
Andreas Schjelderup,Norway,252.0,1.0,3.0,,,
Antonio Nusa,Norway,318.0,1.0,0.0,,,
David Møller Wolfe,Norway,430.0,0.0,1.0,,,
Egil Selvik,Norway,90.0,0.0,0.0,1.0,90.0,0.0
Erling Haaland,Norway,465.0,7.0,0.0,,,
Fredrik André Bjørkan,Norway,45.0,0.0,0.0,,,
Fredrik Aursnes,Norway,304.0,0.0,0.0,,,
Henrik Falchener,Norway,65.0,0.0,0.0,,,
Jens Petter Hauge,Norway,8.0,0.0,0.0,,,
Julian Ryerson,Norway,223.0,0.0,0.0,,,
Jørgen Strand Larsen,Norway,105.0,0.0,0.0,,,
Kristian Thorstvedt,Norway,63.0,0.0,0.0,,,
Kristoffer Ajer,Norway,480.0,0.0,0.0,,,
Leo Østigård,Norway,146.0,1.0,0.0,,,
Marcus Pedersen,Norway,236.0,1.0,0.0,,,
Martin Ødegaard,Norway,470.0,0.0,4.0,,,
Morten Thorsby,Norway,45.0,0.0,0.0,,,
Oscar Bobb,Norway,225.0,0.0,0.0,,,
Patrick Berg,Norway,445.0,0.0,2.0,,,
Sander Berge,Norway,480.0,0.0,0.0,,,
Sander Tangvik,Norway,,,,,,
Sondre Langås,Norway,25.0,0.0,0.0,,,
Thelo Aasgaard,Norway,90.0,1.0,0.0,,,
Torbjørn Heggem,Norway,443.0,0.0,0.0,,,
Ørjan Nyland,Norway,480.0,0.0,0.0,5.0,480.0,0.0
Adalberto Carrasquilla,Panama,,,,,,
Alberto Quintero,Panama,3.0,0.0,0.0,,,
Andrés Andrade Cedeño,Panama,270.0,0.0,0.0,,,
Aníbal Godoy,Panama,1.0,0.0,0.0,,,
Azarías Londoño,Panama,56.0,0.0,0.0,,,
Carlos Harvey,Panama,267.0,0.0,0.0,,,
Cecilio Waterman,Panama,76.0,0.0,0.0,,,
Cristian Martínez,Panama,242.0,0.0,0.0,,,
César Blackman,Panama,178.0,0.0,0.0,,,
César Samudio,Panama,,,,,,
César Yanis,Panama,,,,,,
Edgardo Fariña,Panama,,,,,,
Erick Davis,Panama,4.0,0.0,0.0,,,
Fidel Escobar,Panama,90.0,0.0,0.0,,,
Ismael Díaz,Panama,37.0,0.0,0.0,,,
Jiovany Ramos,Panama,166.0,0.0,0.0,,,
Jorge Gutiérrez,Panama,87.0,0.0,0.0,,,
José Córdoba,Panama,270.0,0.0,0.0,,,
José Fajardo,Panama,155.0,0.0,0.0,,,
José Luis Rodríguez,Panama,233.0,0.0,0.0,,,
Luis Mejía,Panama,,,,,,
Michael Amir Murillo,Panama,270.0,0.0,0.0,,,
Orlando Mosquera,Panama,270.0,0.0,0.0,3.0,270.0,0.0
Roderick Miller,Panama,,,,,,
Tomás Rodríguez,Panama,46.0,0.0,0.0,,,
Yoel Bárcenas,Panama,249.0,0.0,0.0,,,
Alexandro Maidana,Paraguay,55.0,0.0,0.0,,,
Andrés Cubas,Paraguay,480.0,0.0,0.0,,,
Antonio Sanabria,Paraguay,83.0,0.0,0.0,,,
Braian Ojeda,Paraguay,22.0,0.0,0.0,,,
Damián Bobadilla,Paraguay,189.0,0.0,0.0,,,
Diego Gómez,Paraguay,304.0,0.0,0.0,,,
Fabián Balbuena,Paraguay,1.0,0.0,0.0,,,
Gabriel Ávalos,Paraguay,141.0,0.0,0.0,,,
Gastón Olveira,Paraguay,,,,,,
Gatito Fernández,Paraguay,,,,,,
Gustavo Caballero,Paraguay,96.0,0.0,0.0,,,
Gustavo Gómez,Paraguay,480.0,0.0,0.0,,,
Gustavo Velásquez,Paraguay,246.0,0.0,0.0,,,
Isidro Pitta,Paraguay,45.0,0.0,0.0,,,
José Canale,Paraguay,161.0,0.0,0.0,,,
Juan Cáceres,Paraguay,436.0,0.0,0.0,,,
Julio Enciso,Paraguay,386.0,1.0,2.0,,,
Júnior Alonso,Paraguay,390.0,0.0,0.0,,,
Kaku,Paraguay,11.0,0.0,0.0,,,
Matías Galarza,Paraguay,388.0,1.0,1.0,,,
Mauricio,Paraguay,173.0,1.0,0.0,,,
Miguel Almirón,Paraguay,282.0,0.0,0.0,,,
Omar Alderete,Paraguay,320.0,0.0,0.0,,,
Orlando Gill,Paraguay,480.0,0.0,0.0,5.0,480.0,2.0
Ramón Sosa,Paraguay,12.0,0.0,0.0,,,
Álex Arce,Paraguay,53.0,0.0,0.0,,,
Bernardo Silva,Portugal,97.0,0.0,0.0,,,
Bruno Fernandes,Portugal,422.0,0.0,1.0,,,
Cristiano Ronaldo,Portugal,440.0,3.0,0.0,,,
Diogo Costa,Portugal,450.0,0.0,0.0,5.0,450.0,2.0
Diogo Dalot,Portugal,65.0,0.0,0.0,,,
Francisco Conceição,Portugal,126.0,0.0,0.0,,,
Francisco Trincão,Portugal,28.0,0.0,0.0,,,
Gonçalo Guedes,Portugal,,,,,,
Gonçalo Inácio,Portugal,,,,,,
Gonçalo Ramos,Portugal,36.0,1.0,0.0,,,
José Sá,Portugal,,,,,,
João Cancelo,Portugal,312.0,0.0,1.0,,,
João Félix,Portugal,201.0,0.0,0.0,,,
João Neves,Portugal,390.0,1.0,0.0,,,
Matheus Nunes,Portugal,1.0,0.0,0.0,,,
Nuno Mendes,Portugal,395.0,1.0,0.0,,,
Nélson Semedo,Portugal,127.0,0.0,0.0,,,
Pedro Neto,Portugal,350.0,0.0,1.0,,,
Rafael Leão,Portugal,158.0,1.0,1.0,,,
Renato Veiga,Portugal,450.0,0.0,0.0,,,
Rui Silva,Portugal,,,,,,
Rúben Dias,Portugal,360.0,0.0,0.0,,,
Rúben Neves,Portugal,55.0,0.0,0.0,,,
Samu Costa,Portugal,21.0,0.0,0.0,,,
Tomás Araújo,Portugal,90.0,0.0,0.0,,,
Vitinha,Portugal,376.0,0.0,0.0,,,
Abdulaziz Hatem,Qatar,45.0,0.0,0.0,,,
Ahmed Al-Ganehi,Qatar,36.0,0.0,0.0,,,
Ahmed Alaaeldin,Qatar,43.0,0.0,0.0,,,
Ahmed Fathy,Qatar,150.0,0.0,0.0,,,
Akram Afif,Qatar,238.0,0.0,0.0,,,
Al-Hashmi Al-Hussain,Qatar,32.0,0.0,0.0,,,
Almoez Ali,Qatar,19.0,0.0,0.0,,,
Assim Madibo,Qatar,131.0,0.0,0.0,,,
Ayoub Al-Oui,Qatar,149.0,0.0,0.0,,,
Boualem Khoukhi,Qatar,270.0,1.0,0.0,,,
Edmilson Junior,Qatar,210.0,0.0,1.0,,,
Hassan Al-Haydos,Qatar,57.0,1.0,0.0,,,
Homam Ahmed,Qatar,122.0,0.0,1.0,,,
Issa Laye,Qatar,270.0,0.0,0.0,,,
Jassem Gaber,Qatar,149.0,0.0,0.0,,,
Karim Boudiaf,Qatar,102.0,0.0,0.0,,,
Lucas Mendes,Qatar,4.0,0.0,0.0,,,
Mahmoud Abunada,Qatar,270.0,0.0,0.0,3.0,270.0,0.0
Meshaal Barsham,Qatar,,,,,,
Mohamed Manai,Qatar,69.0,0.0,0.0,,,
Mohammed Muntari,Qatar,,,,,,
Ró-Ró,Qatar,270.0,0.0,0.0,,,
Salah Zakaria,Qatar,,,,,,
Sultan Al-Brake,Qatar,141.0,0.0,0.0,,,
Tahsin Jamshid,Qatar,,,,,,
Yusuf Abdurisag,Qatar,98.0,0.0,0.0,,,
Abdulelah Al-Amri,Saudi Arabia,239.0,1.0,0.0,,,
Abdullah Al-Hamdan,Saudi Arabia,71.0,0.0,0.0,,,
Abdullah Al-Khaibari,Saudi Arabia,180.0,0.0,0.0,,,
Ahmed Al-Kassar,Saudi Arabia,,,,,,
Alaa Al Hejji,Saudi Arabia,32.0,0.0,0.0,,,
Ali Lajami,Saudi Arabia,149.0,0.0,0.0,,,
Ali Majrashi,Saudi Arabia,,,,,,
Ayman Yahya,Saudi Arabia,,,,,,
Firas Al-Buraikan,Saudi Arabia,238.0,0.0,0.0,,,
Hassan Al Tambakti,Saudi Arabia,212.0,0.0,0.0,,,
Hassan Kadesh,Saudi Arabia,,,,,,
Jehad Thakri,Saudi Arabia,,,,,,
Khalid Al Ghannam,Saudi Arabia,1.0,0.0,0.0,,,
Mohamed Kanno,Saudi Arabia,225.0,0.0,0.0,,,
Mohammed Abu Al-Shamat,Saudi Arabia,136.0,0.0,0.0,,,
Mohammed Al-Owais,Saudi Arabia,270.0,0.0,0.0,3.0,270.0,1.0
Moteb Al-Harbi,Saudi Arabia,188.0,0.0,0.0,,,
Musab Al Juwayr,Saudi Arabia,152.0,0.0,0.0,,,
Nasser Al-Dawsari,Saudi Arabia,207.0,0.0,0.0,,,
Nawaf Al Aqidi,Saudi Arabia,,,,,,
Nawaf Boushal,Saudi Arabia,91.0,0.0,0.0,,,
Saleh Al-Shehri,Saudi Arabia,,,,,,
Salem Al-Dawsari,Saudi Arabia,245.0,0.0,0.0,,,
Saud Abdulhamid,Saudi Arabia,269.0,0.0,0.0,,,
Sultan Mendash,Saudi Arabia,65.0,0.0,0.0,,,
Ziyad Al Johani,Saudi Arabia,,,,,,
Aaron Hickey,Scotland,74.0,0.0,0.0,,,
Andy Robertson,Scotland,225.0,0.0,0.0,,,
Angus Gunn,Scotland,270.0,0.0,0.0,3.0,270.0,1.0
Anthony Ralston,Scotland,11.0,0.0,0.0,,,
Ben Gannon-Doak,Scotland,186.0,0.0,0.0,,,
Ché Adams,Scotland,145.0,0.0,0.0,,,
Craig Gordon,Scotland,,,,,,
Dominic Hyam,Scotland,,,,,,
Findlay Curtis,Scotland,9.0,0.0,0.0,,,
George Hirst,Scotland,,,,,,
Grant Hanley,Scotland,180.0,0.0,0.0,,,
Jack Hendry,Scotland,270.0,0.0,0.0,,,
John McGinn,Scotland,259.0,1.0,0.0,,,
John Souttar,Scotland,,,,,,
Kenny McLean,Scotland,118.0,0.0,0.0,,,
Kieran Tierney,Scotland,104.0,0.0,0.0,,,
Lawrence Shankland,Scotland,171.0,0.0,0.0,,,
Lewis Ferguson,Scotland,270.0,0.0,0.0,,,
Liam Kelly,Scotland,,,,,,
Lyndon Dykes,Scotland,36.0,0.0,0.0,,,
Nathan Patterson,Scotland,185.0,0.0,0.0,,,
Ross Stewart,Scotland,2.0,0.0,0.0,,,
Ryan Christie,Scotland,95.0,0.0,0.0,,,
Scott McKenna,Scotland,90.0,0.0,0.0,,,
Scott McTominay,Scotland,270.0,0.0,0.0,,,
Tyler Fletcher,Scotland,,,,,,
Abdoulaye Seck,Senegal,57.0,0.0,1.0,,,
Antoine Mendy,Senegal,,,,,,
Assane Diao,Senegal,10.0,0.0,0.0,,,
Bamba Dieng,Senegal,8.0,0.0,0.0,,,
Bara Sapoko Ndiaye,Senegal,26.0,0.0,0.0,,,
Cherif Ndiaye,Senegal,,,,,,
El Hadji Malick Diouf,Senegal,171.0,0.0,0.0,,,
Habib Diarra,Senegal,143.0,2.0,0.0,,,
Ibrahim Mbaye,Senegal,157.0,1.0,0.0,,,
Idrissa Gueye,Senegal,361.0,0.0,0.0,,,
Iliman Ndiaye,Senegal,114.0,1.0,2.0,,,
Ismail Jakobs,Senegal,219.0,0.0,0.0,,,
Ismaila Sarr,Senegal,364.0,4.0,1.0,,,
Kalidou Koulibaly,Senegal,161.0,0.0,0.0,,,
Krépin Diatta,Senegal,390.0,0.0,0.0,,,
Lamine Camara,Senegal,248.0,0.0,1.0,,,
Mamadou Sarr,Senegal,,,,,,
Mory Diaw,Senegal,238.0,0.0,0.0,3.0,238.0,1.0
Moussa Niakhaté,Senegal,390.0,0.0,1.0,,,
Nicolas Jackson,Senegal,234.0,0.0,1.0,,,
Pape Gueye,Senegal,234.0,2.0,1.0,,,
Pape Matar Sarr,Senegal,67.0,0.0,0.0,,,
Pathé Ciss,Senegal,184.0,0.0,0.0,,,
Sadio Mané,Senegal,362.0,0.0,1.0,,,
Yehvann Diouf,Senegal,,,,,,
Édouard Mendy,Senegal,152.0,0.0,0.0,2.0,152.0,0.0
Aubrey Modiba,South Africa,346.0,0.0,0.0,,,
Bradley Cross,South Africa,,,,,,
Evidence Makgopa,South Africa,215.0,0.0,0.0,,,
Ime Okon,South Africa,360.0,0.0,0.0,,,
Iqraam Rayners,South Africa,161.0,0.0,0.0,,,
Jayden Adams,South Africa,116.0,0.0,0.0,,,
Kamogelo Sebelebele,South Africa,7.0,0.0,0.0,,,
Khuliso Mudau,South Africa,360.0,0.0,0.0,,,
Khulumani Ndamane,South Africa,,,,,,
Lyle Foster,South Africa,55.0,0.0,0.0,,,
Mbekezeli Mbokazi,South Africa,360.0,0.0,0.0,,,
Nkosinathi Sibisi,South Africa,90.0,0.0,0.0,,,
Olwethu Makhanya,South Africa,,,,,,
Oswin Appollis,South Africa,255.0,0.0,0.0,,,
Relebohile Mofokeng,South Africa,169.0,0.0,0.0,,,
Ricardo Goss,South Africa,,,,,,
Ronwen Williams,South Africa,360.0,0.0,0.0,4.0,360.0,1.0
Samukele Kabini,South Africa,,,,,,
Sipho Chaine,South Africa,,,,,,
Sphephelo Sithole,South Africa,229.0,0.0,0.0,,,
Teboho Mokoena,South Africa,270.0,1.0,0.0,,,
Thabang Matuludi,South Africa,,,,,,
Thalente Mbatha,South Africa,260.0,0.0,0.0,,,
Thapelo Maseko,South Africa,242.0,1.0,0.0,,,
Themba Zwane,South Africa,23.0,0.0,0.0,,,
Tshepang Moremi,South Africa,34.0,0.0,1.0,,,
Aymeric Laporte,Spain,629.0,0.0,1.0,,,
Borja Iglesias,Spain,1.0,0.0,0.0,,,
Dani Olmo,Spain,417.0,0.0,2.0,,,
David Raya,Spain,,,,,,
Eric García,Spain,,,,,,
Fabián Ruiz Peña,Spain,260.0,1.0,0.0,,,
Ferrán Torres,Spain,229.0,0.0,1.0,,,
Gavi,Spain,76.0,0.0,0.0,,,
Joan García,Spain,,,,,,
Lamine Yamal,Spain,494.0,1.0,0.0,,,
Marc Cucurella,Spain,630.0,0.0,2.0,,,
Marc Pubill,Spain,1.0,0.0,0.0,,,
Marcos Llorente,Spain,187.0,0.0,1.0,,,
Martín Zubimendi,Spain,,,,,,
Mikel Merino,Spain,153.0,2.0,0.0,,,
Mikel Oyarzabal,Spain,540.0,5.0,1.0,,,
Nico Williams,Spain,67.0,0.0,0.0,,,
Pau Cubarsí,Spain,630.0,0.0,0.0,,,
Pedri,Spain,440.0,0.0,0.0,,,
Pedro Porro,Spain,443.0,2.0,0.0,,,
Rodri,Spain,626.0,0.0,0.0,,,
Unai Simón,Spain,630.0,0.0,0.0,7.0,630.0,6.0
Víctor Muñoz,Spain,,,,,,
Yéremy Pino,Spain,70.0,0.0,0.0,,,
Álex Baena,Spain,407.0,1.0,1.0,,,
Álex Grimaldo,Spain,,,,,,
Alexander Bernhardsson,Sweden,217.0,0.0,0.0,,,
Alexander Isak,Sweden,357.0,1.0,3.0,,,
Anthony Elanga,Sweden,217.0,2.0,0.0,,,
Benjamin Nygren,Sweden,130.0,0.0,0.0,,,
Besfort Zeneli,Sweden,60.0,0.0,0.0,,,
Carl Starfelt,Sweden,4.0,0.0,0.0,,,
Daniel Svensson,Sweden,98.0,0.0,0.0,,,
Elliot Stroud,Sweden,166.0,0.0,0.0,,,
Eric Smith,Sweden,,,,,,
Gabriel Gudmundsson,Sweden,330.0,0.0,0.0,,,
Gustaf Lagerbielke,Sweden,360.0,0.0,0.0,,,
Gustaf Nilsson,Sweden,2.0,0.0,0.0,,,
Herman Johansson,Sweden,,,,,,
Hjalmar Ekdal,Sweden,,,,,,
Isak Hien,Sweden,216.0,0.0,0.0,,,
Jacob Widell Zetterström,Sweden,180.0,0.0,0.0,2.0,180.0,0.0
Jesper Karlström,Sweden,138.0,0.0,0.0,,,
Ken Sema,Sweden,16.0,0.0,0.0,,,
Kristoffer Nordfeldt,Sweden,180.0,0.0,0.0,2.0,180.0,0.0
Lucas Bergvall,Sweden,181.0,0.0,1.0,,,
Mattias Svanberg,Sweden,16.0,1.0,0.0,,,
Taha Ali,Sweden,37.0,0.0,0.0,,,
Victor Lindelöf,Sweden,356.0,0.0,0.0,,,
Viktor Gyökeres,Sweden,360.0,1.0,2.0,,,
Viktor Johansson,Sweden,,,,,,
Yasin Ayari,Sweden,339.0,2.0,0.0,,,
Ardon Jashari,Switzerland,72.0,0.0,0.0,,,
Aurèle Amenda,Switzerland,,,,,,
Breel Embolo,Switzerland,501.0,2.0,2.0,,,
Cedric Itten,Switzerland,42.0,0.0,0.0,,,
Christian Fassnacht,Switzerland,6.0,0.0,0.0,,,
Dan Ndoye,Switzerland,406.0,2.0,0.0,,,
Denis Zakaria,Switzerland,357.0,0.0,0.0,,,
Djibril Sow,Switzerland,253.0,0.0,0.0,,,
Eray Cömert,Switzerland,31.0,0.0,0.0,,,
Fabian Rieder,Switzerland,302.0,0.0,0.0,,,
Granit Xhaka,Switzerland,600.0,1.0,0.0,,,
Gregor Kobel,Switzerland,600.0,0.0,0.0,6.0,600.0,2.0
Johan Manzambi,Switzerland,199.0,3.0,2.0,,,
Luca Jaquez,Switzerland,78.0,0.0,0.0,,,
Manuel Akanji,Switzerland,600.0,0.0,0.0,,,
Marvin Keller,Switzerland,,,,,,
Michel Aebischer,Switzerland,156.0,0.0,0.0,,,
Miro Muheim,Switzerland,87.0,0.0,0.0,,,
Nico Elvedi,Switzerland,600.0,0.0,0.0,,,
Noah Okafor,Switzerland,20.0,0.0,0.0,,,
Remo Freuler,Switzerland,592.0,0.0,0.0,,,
Ricardo Rodríguez,Switzerland,517.0,0.0,1.0,,,
Ruben Vargas,Switzerland,284.0,2.0,1.0,,,
Silvan Widmer,Switzerland,175.0,0.0,0.0,,,
Yvon Mvogo,Switzerland,,,,,,
Zeki Amdouni,Switzerland,73.0,0.0,0.0,,,
Adem Arous,Tunisia,,,,,,
Ali Abdi,Tunisia,269.0,0.0,0.0,,,
Anis Ben Slimane,Tunisia,240.0,0.0,0.0,,,
Aymen Dahmen,Tunisia,180.0,0.0,0.0,2.0,180.0,0.0
Dylan Bronn,Tunisia,45.0,0.0,0.0,,,
Elias Achouri,Tunisia,43.0,0.0,0.0,,,
Elias Saad,Tunisia,116.0,0.0,0.0,,,
Ellyes Skhiri,Tunisia,250.0,0.0,0.0,,,
Firas Chaouat,Tunisia,49.0,0.0,0.0,,,
Hadj Mahmoud,Tunisia,43.0,0.0,0.0,,,
Hannibal Mejbri,Tunisia,270.0,0.0,2.0,,,
Hazem Mastouri,Tunisia,89.0,1.0,0.0,,,
Ismaël Gharbi,Tunisia,127.0,0.0,0.0,,,
Khalil Ayari,Tunisia,,,,,,
Mohamed Amine Ben Hamida,Tunisia,202.0,0.0,0.0,,,
Montassar Talbi,Tunisia,270.0,0.0,0.0,,,
Mortadha Ben Ouanes,Tunisia,23.0,0.0,0.0,,,
Mouhib Chamakh,Tunisia,90.0,0.0,0.0,1.0,90.0,0.0
Moutaz Neffati,Tunisia,,,,,,
Omar Rekik,Tunisia,180.0,1.0,0.0,,,
Raed Chikhaoui,Tunisia,,,,,,
Rani Khedira,Tunisia,149.0,0.0,0.0,,,
Rayan Elloumi,Tunisia,,,,,,
Sabri Ben Hassen,Tunisia,,,,,,
Sebastian Tounekti,Tunisia,84.0,0.0,0.0,,,
Yan Valery,Tunisia,251.0,0.0,0.0,,,
Abdülkerim Bardakcı,Turkey,265.0,0.0,0.0,,,
Altay Bayındır,Turkey,,,,,,
Arda Güler,Turkey,270.0,1.0,0.0,,,
Barış Alper Yılmaz,Turkey,179.0,1.0,1.0,,,
Can Uzun,Turkey,38.0,0.0,1.0,,,
Deniz Gül,Turkey,37.0,0.0,0.0,,,
Eren Elmalı,Turkey,111.0,0.0,0.0,,,
Ferdi Kadioglu,Turkey,159.0,0.0,0.0,,,
Hakan Çalhanoğlu,Turkey,180.0,0.0,0.0,,,
Kaan Ayhan,Turkey,3.0,1.0,0.0,,,
Kenan Yıldız,Turkey,218.0,0.0,0.0,,,
Kerem Aktürkoğlu,Turkey,129.0,0.0,0.0,,,
Merih Demiral,Turkey,180.0,0.0,0.0,,,
Mert Günok,Turkey,,,,,,
Mert Müldür,Turkey,101.0,0.0,0.0,,,
Orkun Kökçü,Turkey,153.0,0.0,1.0,,,
Ozan Kabak,Turkey,90.0,0.0,0.0,,,
Oğuz Aydın,Turkey,89.0,0.0,0.0,,,
Salih Özcan,Turkey,100.0,0.0,0.0,,,
Samet Akaydın,Turkey,,,,,,
Uğurcan Çakır,Turkey,270.0,0.0,0.0,3.0,270.0,0.0
Yunus Akgün,Turkey,88.0,0.0,0.0,,,
Zeki Çelik,Turkey,163.0,0.0,0.0,,,
Çağlar Söyüncü,Turkey,7.0,0.0,0.0,,,
İrfan Can Kahveci,Turkey,1.0,0.0,0.0,,,
İsmail Yüksek,Turkey,139.0,0.0,0.0,,,
Alejandro Zendejas,United States,14.0,0.0,0.0,,,
Alex Freeman,United States,374.0,1.0,1.0,,,
Antonee Robinson,United States,348.0,0.0,0.0,,,
Auston Trusty,United States,101.0,1.0,0.0,,,
Brenden Aaronson,United States,76.0,0.0,0.0,,,
Chris Brady,United States,,,,,,
Chris Richards,United States,360.0,0.0,0.0,,,
Christian Pulisic,United States,223.0,0.0,1.0,,,
Cristian Roldan,United States,,,,,,
Folarin Balogun,United States,312.0,3.0,0.0,,,
Gio Reyna,United States,131.0,1.0,0.0,,,
Haji Wright,United States,2.0,0.0,0.0,,,
Joe Scally,United States,87.0,0.0,0.0,,,
Malik Tillman,United States,356.0,2.0,1.0,,,
Mark McKenzie,United States,90.0,0.0,0.0,,,
Matt Freese,United States,360.0,0.0,0.0,4.0,360.0,2.0
Matt Turner,United States,90.0,0.0,0.0,1.0,90.0,0.0
Max Arfsten,United States,1.0,0.0,0.0,,,
Miles Robinson,United States,90.0,0.0,0.0,,,
Ricardo Pepi,United States,204.0,0.0,0.0,,,
Sebastian Berhalter,United States,187.0,1.0,1.0,,,
Sergiño Dest,United States,297.0,0.0,0.0,,,
Tim Ream,United States,360.0,0.0,0.0,,,
Timothy Weah,United States,76.0,0.0,0.0,,,
Tyler Adams,United States,341.0,0.0,0.0,,,
Weston McKennie,United States,443.0,0.0,0.0,,,
Agustín Canobbio,Uruguay,224.0,1.0,0.0,,,
Brian Rodríguez,Uruguay,41.0,0.0,0.0,,,
Darwin Núñez,Uruguay,156.0,0.0,0.0,,,
Emiliano Martínez,Uruguay,,,,,,
Facundo Pellistri,Uruguay,,,,,,
Federico Valverde,Uruguay,236.0,0.0,0.0,,,
Federico Viñas,Uruguay,192.0,0.0,0.0,,,
Fernando Muslera,Uruguay,225.0,0.0,0.0,3.0,225.0,0.0
Giorgian de Arrascaeta,Uruguay,,,,,,
Guillermo Varela,Uruguay,270.0,0.0,0.0,,,
Joaquín Piquerez,Uruguay,,,,,,
José María Giménez,Uruguay,,,,,,
Juan Manuel Sanabria,Uruguay,204.0,0.0,0.0,,,
Manuel Ugarte,Uruguay,184.0,0.0,0.0,,,
Mathías Olivera,Uruguay,270.0,0.0,0.0,,,
Matías Viña,Uruguay,45.0,0.0,0.0,,,
Maxi Araújo,Uruguay,250.0,2.0,1.0,,,
Nicolás De La Cruz,Uruguay,86.0,0.0,0.0,,,
Rodrigo Aguirre,Uruguay,1.0,0.0,0.0,,,
Rodrigo Bentancur,Uruguay,270.0,0.0,0.0,,,
Rodrigo Zalazar,Uruguay,,,,,,
Ronald Araújo,Uruguay,,,,,,
Santiago Bueno,Uruguay,,,,,,
Santiago Mele,Uruguay,,,,,,
Sebastián Cáceres,Uruguay,270.0,0.0,0.0,,,
Sergio Rochet,Uruguay,45.0,0.0,0.0,1.0,45.0,0.0
Abbosbek Fayzullayev,Uzbekistan,220.0,1.0,0.0,,,
Abdukodir Khusanov,Uzbekistan,270.0,0.0,0.0,,,
Abdulla Abdullaev,Uzbekistan,180.0,0.0,0.0,,,
Abduvohid Nematov,Uzbekistan,180.0,0.0,0.0,2.0,180.0,0.0
Akmal Mozgovoy,Uzbekistan,216.0,0.0,1.0,,,
Avazbek Ulmasaliev,Uzbekistan,,,,,,
Aziz Gʻaniyev,Uzbekistan,122.0,0.0,0.0,,,
Azizbek Amonov,Uzbekistan,14.0,0.0,0.0,,,
Bekhruz Karimov,Uzbekistan,179.0,0.0,0.0,,,
Botirali Ergashev,Uzbekistan,,,,,,
Dostonbek Khamdamov,Uzbekistan,103.0,0.0,0.0,,,
Eldor Shomurodov,Uzbekistan,269.0,1.0,0.0,,,
Farrukh Sayfiev,Uzbekistan,45.0,0.0,0.0,,,
Igor Sergeev,Uzbekistan,28.0,0.0,0.0,,,
Jakhongir Urozov,Uzbekistan,95.0,0.0,0.0,,,
Jamshid Iskanderov,Uzbekistan,9.0,0.0,0.0,,,
Khojiakbar Alijonov,Uzbekistan,135.0,0.0,0.0,,,
Odiljon Hamrobekov,Uzbekistan,77.0,0.0,0.0,,,
Oston Urunov,Uzbekistan,63.0,0.0,0.0,,,
Otabek Shukurov,Uzbekistan,237.0,0.0,0.0,,,
Ruslanbek Jiyanov,Uzbekistan,1.0,0.0,0.0,,,
Rustam Ashurmatov,Uzbekistan,256.0,0.0,0.0,,,
Sherzod Esanov,Uzbekistan,1.0,0.0,0.0,,,
Sherzod Nasrullaev,Uzbekistan,180.0,0.0,0.0,,,
Umar Eshmurodov,Uzbekistan,,,,,,
Utkir Yusupov,Uzbekistan,90.0,0.0,0.0,1.0,90.0,0.0
